{
  "uniform": {
    "euclidean": [
      [
        1,
        0.5925502575722721
      ],
      [
        3,
        0.6264005336371199
      ],
      [
        5,
        0.648813823459655
      ],
      [
        7,
        0.6579029243443201
      ],
      [
        9,
        0.6622688584977423
      ],
      [
        11,
        0.6677935349178843
      ],
      [
        13,
        0.6693522160319642
      ],
      [
        15,
        0.6713749786786337
      ],
      [
        17,
        0.6692451292378236
      ],
      [
        19,
        0.665179006891171
      ],
      [
        21,
        0.6633244352638967
      ],
      [
        23,
        0.6622972908556448
      ],
      [
        25,
        0.660713966455572
      ],
      [
        27,
        0.6599142930754592
      ],
      [
        29,
        0.6617678391793942
      ]
    ],
    "manhattan": [
      [
        1,
        0.5906664437471939
      ],
      [
        3,
        0.6247517674141406
      ],
      [
        5,
        0.6471226147268692
      ],
      [
        7,
        0.6562230304188839
      ],
      [
        9,
        0.6603830165361833
      ],
      [
        11,
        0.6640798598125274
      ],
      [
        13,
        0.6676520689361166
      ],
      [
        15,
        0.6694520970846026
      ],
      [
        17,
        0.6675059061439501
      ],
      [
        19,
        0.6649400670866862
      ],
      [
        21,
        0.6643512861205677
      ],
      [
        23,
        0.6649404660748994
      ],
      [
        25,
        0.6636619938187327
      ],
      [
        27,
        0.6613204219731715
      ],
      [
        29,
        0.6613162933004796
      ]
    ],
    "chebyshev": [
      [
        1,
        0.5869633069500563
      ],
      [
        3,
        0.5869633069500563
      ],
      [
        5,
        0.5869633069500563
      ],
      [
        7,
        0.5869633069500563
      ],
      [
        9,
        0.5869633069500563
      ],
      [
        11,
        0.5869633069500563
      ],
      [
        13,
        0.5869633069500563
      ],
      [
        15,
        0.5879482305643265
      ],
      [
        17,
        0.5870546330439745
      ],
      [
        19,
        0.5870546330439745
      ],
      [
        21,
        0.5870546330439745
      ],
      [
        23,
        0.5870546330439745
      ],
      [
        25,
        0.5880365408857785
      ],
      [
        27,
        0.5890166266155744
      ],
      [
        29,
        0.5890166266155744
      ]
    ]
  },
  "gaussian": {
    "euclidean": [
      [
        1,
        0.6734086542791249
      ],
      [
        3,
        0.6586765343035793
      ],
      [
        5,
        0.6540756783189176
      ],
      [
        7,
        0.6504864331326637
      ],
      [
        9,
        0.6519956556476579
      ],
      [
        11,
        0.6454332893592387
      ],
      [
        13,
        0.6458238721287858
      ],
      [
        15,
        0.6434143298088693
      ],
      [
        17,
        0.6434143298088693
      ],
      [
        19,
        0.6302985545001262
      ],
      [
        21,
        0.6286031844633737
      ],
      [
        23,
        0.624444482318946
      ],
      [
        25,
        0.6226439862819174
      ],
      [
        27,
        0.6207499316835224
      ],
      [
        29,
        0.6198977896840424
      ]
    ],
    "manhattan": [
      [
        1,
        0.6799040221478051
      ],
      [
        3,
        0.6728827333599585
      ],
      [
        5,
        0.6694977587824456
      ],
      [
        7,
        0.6645374750426036
      ],
      [
        9,
        0.6680266379785943
      ],
      [
        11,
        0.6702871384356625
      ],
      [
        13,
        0.6694996074666142
      ],
      [
        15,
        0.667804788961039
      ],
      [
        17,
        0.6671001750144088
      ],
      [
        19,
        0.6532378606211355
      ],
      [
        21,
        0.6484818554931842
      ],
      [
        23,
        0.6451521263499183
      ],
      [
        25,
        0.6407521512405179
      ],
      [
        27,
        0.6389434325304497
      ],
      [
        29,
        0.6390849065578227
      ]
    ],
    "chebyshev": [
      [
        1,
        0.6373060268170225
      ],
      [
        3,
        0.6190552811069882
      ],
      [
        5,
        0.6183272791219383
      ],
      [
        7,
        0.6108459874305765
      ],
      [
        9,
        0.6154669186357091
      ],
      [
        11,
        0.6154669186357091
      ],
      [
        13,
        0.6157174339434351
      ],
      [
        15,
        0.6148266099966211
      ],
      [
        17,
        0.6157473150748872
      ],
      [
        19,
        0.6033002235572619
      ],
      [
        21,
        0.6033002235572619
      ],
      [
        23,
        0.6033002235572619
      ],
      [
        25,
        0.6024127074991645
      ],
      [
        27,
        0.6015237523094495
      ],
      [
        29,
        0.6015237523094495
      ]
    ]
  }
}